<?xml version="1.0" encoding="utf-8"?>
<manifest identifier="gDmTjRkJOxxf0" xmlns="http://www.imsproject.org/xsd/imscp_rootv1p1p2" xmlns:adlcp="http://www.adlnet.org/xsd/adlcp_rootv1p2" xmlns:xsi="http://www.w3.org/2001/XMLSchema-instance" xmlns:lom="http://www.imsglobal.org/xsd/imsmd_rootv1p2p1" xsi:schemaLocation="http://www.imsproject.org/xsd/imscp_rootv1p1p2 imscp_rootv1p1p2.xsd http://www.imsglobal.org/xsd/imsmd_rootv1p2p1 imsmd_rootv1p2p1.xsd http://www.adlnet.org/xsd/adlcp_rootv1p2 adlcp_rootv1p2.xsd">
<metadata>
<schema>ADL SCORM</schema>
<schemaversion>1.2</schemaversion>
<lom:lom>
<lom:general>
<lom:title>
<lom:langstring>Storia-Settimana Santa</lom:langstring>
</lom:title>
</lom:general>
<lom:educational>
<lom:typicallearningtime>
<lom:datetime>01:00:00</lom:datetime>
</lom:typicallearningtime>
</lom:educational>
</lom:lom>
</metadata>
<organizations default="storia-settimana_santa_organization">
<organization identifier="storia-settimana_santa_organization">
<title>Storia-Settimana Santa</title>
<item identifier="D3323174-4BA2-481A-BDB6-E2A071FD8BF9" identifierref="resource">
<title>Storia-Settimana Santa</title>
</item>
</organization>
</organizations>
<resources>
<resource identifier="resource" type="webcontent" adlcp:scormtype="sco" href="res/index.html">
<file href="res/index.html"/>
<file href="res/lms.js"/>
<file href="res/data/thmb1.jpg"/>
<file href="res/data/slide1.js"/>
<file href="res/data/slide1.css"/>
<file href="res/data/thmb2.jpg"/>
<file href="res/data/slide2.js"/>
<file href="res/data/slide2.css"/>
<file href="res/data/thmb3.jpg"/>
<file href="res/data/slide3.js"/>
<file href="res/data/slide3.css"/>
<file href="res/data/thmb4.jpg"/>
<file href="res/data/slide4.js"/>
<file href="res/data/slide4.css"/>
<file href="res/data/thmb5.jpg"/>
<file href="res/data/slide5.js"/>
<file href="res/data/slide5.css"/>
<file href="res/data/thmb6.jpg"/>
<file href="res/data/slide6.js"/>
<file href="res/data/slide6.css"/>
<file href="res/data/thmb7.jpg"/>
<file href="res/data/slide7.js"/>
<file href="res/data/slide7.css"/>
<file href="res/data/thmb8.jpg"/>
<file href="res/data/slide8.js"/>
<file href="res/data/slide8.css"/>
<file href="res/data/thmb9.png"/>
<file href="res/data/quiz1.js"/>
<file href="res/data/quiz1/fonts/fnt0.woff"/>
<file href="res/data/quiz1/fonts/fnt1.woff"/>
<file href="res/data/quiz1/fonts/fnt2.woff"/>
<file href="res/data/quizplayer.js"/>
<file href="res/index.html"/>
<file href="res/data/player.js"/>
<file href="res/data/browsersupport.js"/>
<file href="res/data/apple-touch-icon.png"/>
<file href="res/data/favicon.ico"/>
<file href="res/data/fnt0.woff"/>
<file href="res/data/fnt1.woff"/>
<file href="res/data/fnt2.woff"/>
<file href="res/data/fnt3.woff"/>
<file href="res/data/fnt4.woff"/>
<file href="res/data/fnt5.woff"/>
<file href="res/data/fnt6.woff"/>
<file href="res/data/fnt7.woff"/>
<file href="res/data/fnt8.woff"/>
<file href="res/data/html5-unsupported.html"/>
<file href="res/data/html5.png"/>
<file href="res/data/img0.png"/>
<file href="res/data/img1.png"/>
<file href="res/data/img10.png"/>
<file href="res/data/img11.png"/>
<file href="res/data/img12.png"/>
<file href="res/data/img13.png"/>
<file href="res/data/img14.png"/>
<file href="res/data/img15.png"/>
<file href="res/data/img2.png"/>
<file href="res/data/img3.png"/>
<file href="res/data/img4.png"/>
<file href="res/data/img5.png"/>
<file href="res/data/img6.png"/>
<file href="res/data/img7.png"/>
<file href="res/data/img8.png"/>
<file href="res/data/img9.png"/>
</resource>
</resources>
</manifest>
